station_id,time,sbe_salinity_avg
Mace Head,2020-12-01T00:00:00Z,31.992
Mace Head,2020-12-01T00:30:00Z,32.0919
Mace Head,2020-12-01T01:00:00Z,32.2363
Mace Head,2020-12-01T01:30:00Z,32.3758
Mace Head,2020-12-01T02:00:00Z,32.0134
Mace Head,2020-12-01T02:30:00Z,31.9824
Mace Head,2020-12-01T03:00:00Z,32.0277
Mace Head,2020-12-01T03:30:00Z,32.1216
Mace Head,2020-12-01T04:00:00Z,32.1287
Mace Head,2020-12-01T04:30:00Z,32.1239
Mace Head,2020-12-01T05:00:00Z,32.2065
Mace Head,2020-12-01T05:30:00Z,32.1703
Mace Head,2020-12-01T06:00:00Z,32.1606
Mace Head,2020-12-01T06:30:00Z,32.1999
Mace Head,2020-12-01T07:00:00Z,32.1552
Mace Head,2020-12-01T07:30:00Z,32.2149
Mace Head,2020-12-01T08:00:00Z,32.1956
Mace Head,2020-12-01T08:30:00Z,32.0317
Mace Head,2020-12-01T09:00:00Z,31.9208
Mace Head,2020-12-01T09:30:00Z,32.2054
Mace Head,2020-12-01T10:00:00Z,31.8991
Mace Head,2020-12-01T10:30:00Z,32.0737
Mace Head,2020-12-01T11:00:00Z,32.1293
Mace Head,2020-12-01T11:30:00Z,32.1919
Mace Head,2020-12-01T12:00:00Z,32.2277
Mace Head,2020-12-01T12:30:00Z,32.293
Mace Head,2020-12-01T13:00:00Z,32.643
Mace Head,2020-12-01T13:30:00Z,32.6715
Mace Head,2020-12-01T14:00:00Z,32.4744
Mace Head,2020-12-01T14:30:00Z,32.325
Mace Head,2020-12-01T15:00:00Z,32.3335
Mace Head,2020-12-01T15:30:00Z,32.3081
Mace Head,2020-12-01T16:00:00Z,32.366
Mace Head,2020-12-01T16:30:00Z,32.3941
Mace Head,2020-12-01T17:00:00Z,32.5139
Mace Head,2020-12-01T17:30:00Z,32.6905
Mace Head,2020-12-01T18:00:00Z,32.787
Mace Head,2020-12-01T18:30:00Z,32.7861
Mace Head,2020-12-01T19:00:00Z,32.7864
Mace Head,2020-12-01T19:30:00Z,32.5288
Mace Head,2020-12-01T20:00:00Z,32.5324
Mace Head,2020-12-01T20:30:00Z,32.5817
Mace Head,2020-12-01T21:00:00Z,32.5764
Mace Head,2020-12-01T21:30:00Z,32.5587
Mace Head,2020-12-01T22:00:00Z,32.5839
Mace Head,2020-12-01T22:30:00Z,32.6347
Mace Head,2020-12-01T23:00:00Z,32.6701
Mace Head,2020-12-01T23:30:00Z,32.4179
Mace Head,2020-12-02T00:00:00Z,32.3494
Mace Head,2020-12-02T00:30:00Z,32.5393
Mace Head,2020-12-02T01:00:00Z,32.6177
Mace Head,2020-12-02T01:30:00Z,32.5878
Mace Head,2020-12-02T02:00:00Z,32.5602
Mace Head,2020-12-02T02:30:00Z,32.6432
Mace Head,2020-12-02T03:00:00Z,32.6854
Mace Head,2020-12-02T03:30:00Z,32.7127
Mace Head,2020-12-02T04:00:00Z,32.7317
Mace Head,2020-12-02T04:30:00Z,32.738
Mace Head,2020-12-02T05:00:00Z,32.8083
Mace Head,2020-12-02T05:30:00Z,32.861
Mace Head,2020-12-02T06:00:00Z,32.8935
Mace Head,2020-12-02T06:30:00Z,32.9318
Mace Head,2020-12-02T07:00:00Z,32.9516
Mace Head,2020-12-02T07:30:00Z,32.9423
Mace Head,2020-12-02T08:00:00Z,32.9054
Mace Head,2020-12-02T08:30:00Z,32.9179
Mace Head,2020-12-02T09:00:00Z,32.9881
Mace Head,2020-12-02T09:30:00Z,33.0706
Mace Head,2020-12-02T10:00:00Z,33.1124
Mace Head,2020-12-02T10:30:00Z,33.1465
Mace Head,2020-12-02T11:00:00Z,33.1568
Mace Head,2020-12-02T11:30:00Z,33.1571
Mace Head,2020-12-02T12:00:00Z,32.9467
Mace Head,2020-12-02T12:30:00Z,32.867
Mace Head,2020-12-02T13:00:00Z,32.9368
Mace Head,2020-12-02T13:30:00Z,32.9558
Mace Head,2020-12-02T14:00:00Z,33.0383
Mace Head,2020-12-02T14:30:00Z,33.0608
Mace Head,2020-12-02T15:00:00Z,33.1512
Mace Head,2020-12-02T15:30:00Z,33.2117
Mace Head,2020-12-02T16:00:00Z,33.2401
Mace Head,2020-12-02T16:30:00Z,33.3104
Mace Head,2020-12-02T17:00:00Z,33.3716
Mace Head,2020-12-02T17:30:00Z,33.4398
Mace Head,2020-12-02T18:00:00Z,33.477
Mace Head,2020-12-02T18:30:00Z,33.5164
Mace Head,2020-12-02T19:00:00Z,33.6104
Mace Head,2020-12-02T19:30:00Z,33.6633
Mace Head,2020-12-02T20:00:00Z,33.5958
Mace Head,2020-12-02T20:30:00Z,33.4388
Mace Head,2020-12-02T21:00:00Z,33.367
Mace Head,2020-12-02T21:30:00Z,33.3654
Mace Head,2020-12-02T22:00:00Z,33.4213
Mace Head,2020-12-02T22:30:00Z,33.5026
Mace Head,2020-12-02T23:00:00Z,33.6775
Mace Head,2020-12-02T23:30:00Z,33.5465
Mace Head,2020-12-03T00:00:00Z,33.4926
Mace Head,2020-12-03T00:30:00Z,33.4635
Mace Head,2020-12-03T01:00:00Z,33.2204
Mace Head,2020-12-03T01:30:00Z,33.2049
Mace Head,2020-12-03T02:00:00Z,33.1844
Mace Head,2020-12-03T02:30:00Z,33.1836
Mace Head,2020-12-03T03:00:00Z,33.1812
Mace Head,2020-12-03T03:30:00Z,33.197
Mace Head,2020-12-03T04:00:00Z,33.2281
Mace Head,2020-12-03T04:30:00Z,33.2579
Mace Head,2020-12-03T05:00:00Z,33.266
Mace Head,2020-12-03T05:30:00Z,33.2641
Mace Head,2020-12-03T06:00:00Z,33.2436
Mace Head,2020-12-03T06:30:00Z,33.2181
Mace Head,2020-12-03T07:00:00Z,33.2247
Mace Head,2020-12-03T07:30:00Z,33.2285
Mace Head,2020-12-03T08:00:00Z,33.2303
Mace Head,2020-12-03T08:30:00Z,33.2158
Mace Head,2020-12-03T09:00:00Z,33.2079
Mace Head,2020-12-03T09:30:00Z,33.1612
Mace Head,2020-12-03T10:00:00Z,33.1601
Mace Head,2020-12-03T10:30:00Z,33.151
Mace Head,2020-12-03T11:00:00Z,33.1393
Mace Head,2020-12-03T11:30:00Z,32.9721
Mace Head,2020-12-03T12:00:00Z,32.9854
Mace Head,2020-12-03T12:30:00Z,33.0427
Mace Head,2020-12-03T13:00:00Z,33.0256
Mace Head,2020-12-03T13:30:00Z,33.1095
Mace Head,2020-12-03T14:00:00Z,33.125
Mace Head,2020-12-03T14:30:00Z,33.1332
Mace Head,2020-12-03T15:00:00Z,33.2133
Mace Head,2020-12-03T15:30:00Z,33.1672
Mace Head,2020-12-03T16:00:00Z,33.1447
Mace Head,2020-12-03T16:30:00Z,33.0532
Mace Head,2020-12-03T17:00:00Z,32.9965
Mace Head,2020-12-03T17:30:00Z,32.9193
Mace Head,2020-12-03T18:00:00Z,33.0802
Mace Head,2020-12-03T18:30:00Z,33.188
Mace Head,2020-12-03T19:00:00Z,33.3199
Mace Head,2020-12-03T19:30:00Z,33.3645
Mace Head,2020-12-03T20:00:00Z,33.3924
Mace Head,2020-12-03T20:30:00Z,33.4887
Mace Head,2020-12-03T21:00:00Z,33.4464
Mace Head,2020-12-03T21:30:00Z,33.4305
Mace Head,2020-12-03T22:00:00Z,33.4865
Mace Head,2020-12-03T22:30:00Z,33.5516
Mace Head,2020-12-03T23:00:00Z,33.5977
Mace Head,2020-12-03T23:30:00Z,33.6441
Mace Head,2020-12-04T00:00:00Z,33.5414
Mace Head,2020-12-04T00:30:00Z,33.5419
Mace Head,2020-12-04T01:00:00Z,33.3997
Mace Head,2020-12-04T01:30:00Z,33.4317
Mace Head,2020-12-04T02:00:00Z,33.4547
Mace Head,2020-12-04T02:30:00Z,33.4595
Mace Head,2020-12-04T03:00:00Z,33.4465
Mace Head,2020-12-04T03:30:00Z,33.4622
Mace Head,2020-12-04T04:00:00Z,33.4208
Mace Head,2020-12-04T04:30:00Z,33.3808
Mace Head,2020-12-04T05:00:00Z,33.3629
Mace Head,2020-12-04T05:30:00Z,33.3919
Mace Head,2020-12-04T06:00:00Z,33.519
Mace Head,2020-12-04T06:30:00Z,33.5455
Mace Head,2020-12-04T07:00:00Z,33.6079
Mace Head,2020-12-04T07:30:00Z,33.635
Mace Head,2020-12-04T08:00:00Z,33.6806
Mace Head,2020-12-04T08:30:00Z,33.7433
Mace Head,2020-12-04T09:00:00Z,33.7871
Mace Head,2020-12-04T09:30:00Z,33.8193
Mace Head,2020-12-04T10:00:00Z,33.8362
Mace Head,2020-12-04T10:30:00Z,33.8376
Mace Head,2020-12-04T11:00:00Z,33.8676
Mace Head,2020-12-04T11:30:00Z,33.8992
Mace Head,2020-12-04T12:00:00Z,33.83
Mace Head,2020-12-04T12:30:00Z,33.813
Mace Head,2020-12-04T13:00:00Z,33.7667
Mace Head,2020-12-04T13:30:00Z,33.719
Mace Head,2020-12-04T14:00:00Z,33.6814
Mace Head,2020-12-04T14:30:00Z,33.6188
Mace Head,2020-12-04T15:00:00Z,33.6122
Mace Head,2020-12-04T15:30:00Z,33.6086
Mace Head,2020-12-04T16:00:00Z,33.6474
Mace Head,2020-12-04T16:30:00Z,33.5704
Mace Head,2020-12-04T17:00:00Z,33.5701
Mace Head,2020-12-04T17:30:00Z,33.6384
Mace Head,2020-12-04T18:00:00Z,33.6537
Mace Head,2020-12-04T18:30:00Z,33.6828
Mace Head,2020-12-04T19:00:00Z,33.713
Mace Head,2020-12-04T19:30:00Z,33.7418
Mace Head,2020-12-04T20:00:00Z,33.7535
Mace Head,2020-12-04T20:30:00Z,33.7704
Mace Head,2020-12-04T21:00:00Z,33.7867
Mace Head,2020-12-04T21:30:00Z,33.7965
Mace Head,2020-12-04T22:00:00Z,33.818000000000005
Mace Head,2020-12-04T22:30:00Z,33.8394
Mace Head,2020-12-04T23:00:00Z,33.8522
Mace Head,2020-12-04T23:30:00Z,33.882
Mace Head,2020-12-05T00:00:00Z,34.0006
Mace Head,2020-12-05T00:30:00Z,34.107
Mace Head,2020-12-05T01:00:00Z,34.1672
Mace Head,2020-12-05T01:30:00Z,34.0852
Mace Head,2020-12-05T02:00:00Z,33.9138
Mace Head,2020-12-05T02:30:00Z,33.8638
Mace Head,2020-12-05T03:00:00Z,33.7075
Mace Head,2020-12-05T03:30:00Z,33.71
Mace Head,2020-12-05T04:00:00Z,33.7932
Mace Head,2020-12-05T04:30:00Z,33.8629
Mace Head,2020-12-05T05:00:00Z,33.8955
Mace Head,2020-12-05T05:30:00Z,33.9594
Mace Head,2020-12-05T06:00:00Z,34.0231
Mace Head,2020-12-05T06:30:00Z,34.0442
Mace Head,2020-12-05T07:00:00Z,34.0637
Mace Head,2020-12-05T07:30:00Z,34.1294
Mace Head,2020-12-05T08:00:00Z,34.1284
Mace Head,2020-12-05T08:30:00Z,34.1632
Mace Head,2020-12-05T09:00:00Z,34.1444
Mace Head,2020-12-05T09:30:00Z,34.1375
Mace Head,2020-12-05T10:00:00Z,34.1284
Mace Head,2020-12-05T10:30:00Z,34.1688
Mace Head,2020-12-05T11:00:00Z,34.2292
Mace Head,2020-12-05T11:30:00Z,34.3972
Mace Head,2020-12-05T12:00:00Z,34.4247
Mace Head,2020-12-05T12:30:00Z,34.442
Mace Head,2020-12-05T13:00:00Z,34.3774
Mace Head,2020-12-05T13:30:00Z,34.4195
Mace Head,2020-12-05T14:00:00Z,34.3076
Mace Head,2020-12-05T14:30:00Z,34.2626
Mace Head,2020-12-05T15:00:00Z,34.1717
Mace Head,2020-12-05T15:30:00Z,34.1316
Mace Head,2020-12-05T16:00:00Z,34.0775
Mace Head,2020-12-05T16:30:00Z,34.0658
Mace Head,2020-12-05T17:00:00Z,34.0584
Mace Head,2020-12-05T17:30:00Z,34.0945
Mace Head,2020-12-05T18:00:00Z,34.0925
Mace Head,2020-12-05T18:30:00Z,34.114000000000004
Mace Head,2020-12-05T19:00:00Z,34.1494
Mace Head,2020-12-05T19:30:00Z,34.1844
Mace Head,2020-12-05T20:00:00Z,34.1954
Mace Head,2020-12-05T20:30:00Z,34.2123
Mace Head,2020-12-05T21:00:00Z,34.2078
Mace Head,2020-12-05T21:30:00Z,34.2306
Mace Head,2020-12-05T22:00:00Z,34.2386
Mace Head,2020-12-05T22:30:00Z,34.251
Mace Head,2020-12-05T23:00:00Z,34.2702
Mace Head,2020-12-05T23:30:00Z,34.2827
Mace Head,2020-12-06T00:00:00Z,34.292
Mace Head,2020-12-06T00:30:00Z,34.2957
Mace Head,2020-12-06T01:00:00Z,34.291
Mace Head,2020-12-06T01:30:00Z,34.2946
Mace Head,2020-12-06T02:00:00Z,34.2959
Mace Head,2020-12-06T02:30:00Z,34.304
Mace Head,2020-12-06T03:00:00Z,34.3134
Mace Head,2020-12-06T03:30:00Z,34.3195
Mace Head,2020-12-06T04:00:00Z,34.3634
Mace Head,2020-12-06T04:30:00Z,34.0578
Mace Head,2020-12-06T05:00:00Z,34.1329
Mace Head,2020-12-06T05:30:00Z,34.1558
Mace Head,2020-12-06T06:00:00Z,34.1992
Mace Head,2020-12-06T06:30:00Z,34.2643
Mace Head,2020-12-06T07:00:00Z,34.3508
Mace Head,2020-12-06T07:30:00Z,34.3468
Mace Head,2020-12-06T08:00:00Z,34.095
Mace Head,2020-12-06T08:30:00Z,34.1214
Mace Head,2020-12-06T09:00:00Z,34.1218
Mace Head,2020-12-06T09:30:00Z,34.0857
Mace Head,2020-12-06T10:00:00Z,34.085
Mace Head,2020-12-06T10:30:00Z,34.0932
Mace Head,2020-12-06T11:00:00Z,34.0849
Mace Head,2020-12-06T11:30:00Z,34.1677
Mace Head,2020-12-06T12:00:00Z,34.2579
Mace Head,2020-12-06T12:30:00Z,34.2333
Mace Head,2020-12-06T13:00:00Z,34.2376
Mace Head,2020-12-06T13:30:00Z,34.2379
Mace Head,2020-12-06T14:00:00Z,34.1956
Mace Head,2020-12-06T14:30:00Z,34.1938
Mace Head,2020-12-06T15:00:00Z,34.2082
Mace Head,2020-12-06T15:30:00Z,34.2369
Mace Head,2020-12-06T16:00:00Z,34.2636
Mace Head,2020-12-06T16:30:00Z,34.2771
Mace Head,2020-12-06T17:00:00Z,34.3133
Mace Head,2020-12-06T17:30:00Z,34.3393
Mace Head,2020-12-06T18:00:00Z,34.303000000000004
Mace Head,2020-12-06T18:30:00Z,34.2797
Mace Head,2020-12-06T19:00:00Z,34.2844
Mace Head,2020-12-06T19:30:00Z,34.2862
Mace Head,2020-12-06T20:00:00Z,34.3018
Mace Head,2020-12-06T20:30:00Z,34.229
Mace Head,2020-12-06T21:00:00Z,34.1527
Mace Head,2020-12-06T21:30:00Z,34.2256
Mace Head,2020-12-06T22:00:00Z,34.2569
Mace Head,2020-12-06T22:30:00Z,34.3047
Mace Head,2020-12-06T23:00:00Z,34.2832
Mace Head,2020-12-06T23:30:00Z,34.3172
Mace Head,2020-12-07T00:00:00Z,34.332
Mace Head,2020-12-07T00:30:00Z,34.3385
Mace Head,2020-12-07T01:00:00Z,34.3411
Mace Head,2020-12-07T01:30:00Z,34.3451
Mace Head,2020-12-07T02:00:00Z,34.3465
Mace Head,2020-12-07T02:30:00Z,34.3496
Mace Head,2020-12-07T03:00:00Z,34.3471
Mace Head,2020-12-07T03:30:00Z,34.3162
Mace Head,2020-12-07T04:00:00Z,34.2811
Mace Head,2020-12-07T04:30:00Z,34.2579
Mace Head,2020-12-07T05:00:00Z,34.2484
Mace Head,2020-12-07T05:30:00Z,34.2453
Mace Head,2020-12-07T06:00:00Z,34.2716
Mace Head,2020-12-07T06:30:00Z,34.274
Mace Head,2020-12-07T07:00:00Z,34.2728
Mace Head,2020-12-07T07:30:00Z,34.2972
Mace Head,2020-12-07T08:00:00Z,34.2893
Mace Head,2020-12-07T08:30:00Z,34.2593
Mace Head,2020-12-07T09:00:00Z,34.2339
Mace Head,2020-12-07T09:30:00Z,34.2248
Mace Head,2020-12-07T10:00:00Z,34.2169
Mace Head,2020-12-07T10:30:00Z,34.224000000000004
Mace Head,2020-12-07T11:00:00Z,34.2144
Mace Head,2020-12-07T11:30:00Z,34.2106
Mace Head,2020-12-07T12:00:00Z,34.2114
Mace Head,2020-12-07T12:30:00Z,34.2109
Mace Head,2020-12-07T13:00:00Z,34.2086
Mace Head,2020-12-07T13:30:00Z,34.2094
Mace Head,2020-12-07T14:00:00Z,34.2125
Mace Head,2020-12-07T14:30:00Z,34.2208
Mace Head,2020-12-07T15:00:00Z,34.2301
Mace Head,2020-12-07T15:30:00Z,34.241
Mace Head,2020-12-07T16:00:00Z,34.2374
Mace Head,2020-12-07T16:30:00Z,34.2391
Mace Head,2020-12-07T17:00:00Z,34.0359
Mace Head,2020-12-07T17:30:00Z,34.0082
Mace Head,2020-12-07T18:00:00Z,34.013000000000005
Mace Head,2020-12-07T18:30:00Z,34.0424
Mace Head,2020-12-07T19:00:00Z,34.0968
Mace Head,2020-12-07T19:30:00Z,34.1122
Mace Head,2020-12-07T20:00:00Z,34.1331
Mace Head,2020-12-07T20:30:00Z,34.1603
Mace Head,2020-12-07T21:00:00Z,34.1836
Mace Head,2020-12-07T21:30:00Z,34.1748
Mace Head,2020-12-07T22:00:00Z,34.164
Mace Head,2020-12-07T22:30:00Z,34.1734
Mace Head,2020-12-07T23:00:00Z,34.2227
Mace Head,2020-12-07T23:30:00Z,34.2267
Mace Head,2020-12-08T00:00:00Z,34.222
Mace Head,2020-12-08T00:30:00Z,34.22
Mace Head,2020-12-08T01:00:00Z,34.2165
Mace Head,2020-12-08T01:30:00Z,34.213
Mace Head,2020-12-08T02:00:00Z,34.1606
Mace Head,2020-12-08T02:30:00Z,34.1949
Mace Head,2020-12-08T03:00:00Z,34.2163
Mace Head,2020-12-08T03:30:00Z,34.2094
Mace Head,2020-12-08T04:00:00Z,34.2156
Mace Head,2020-12-08T04:30:00Z,34.2116
Mace Head,2020-12-08T05:00:00Z,34.2197
Mace Head,2020-12-08T05:30:00Z,34.2187
Mace Head,2020-12-08T06:00:00Z,34.225
Mace Head,2020-12-08T06:30:00Z,34.0064
Mace Head,2020-12-08T07:00:00Z,33.9758
Mace Head,2020-12-08T07:30:00Z,34.0172
Mace Head,2020-12-08T08:00:00Z,34.0644
Mace Head,2020-12-08T08:30:00Z,34.0905
Mace Head,2020-12-08T09:00:00Z,34.0562
Mace Head,2020-12-08T09:30:00Z,34.0867
Mace Head,2020-12-08T10:00:00Z,34.1115
Mace Head,2020-12-08T10:30:00Z,34.1363
Mace Head,2020-12-08T11:00:00Z,34.1629
Mace Head,2020-12-08T11:30:00Z,34.1932
Mace Head,2020-12-08T12:00:00Z,34.1802
Mace Head,2020-12-08T12:30:00Z,34.2056
Mace Head,2020-12-08T13:00:00Z,34.2232
Mace Head,2020-12-08T13:30:00Z,34.2312
Mace Head,2020-12-08T14:00:00Z,34.2346
Mace Head,2020-12-08T14:30:00Z,34.2118
Mace Head,2020-12-08T15:00:00Z,34.1511
Mace Head,2020-12-08T15:30:00Z,34.1468
Mace Head,2020-12-08T16:00:00Z,34.114000000000004
Mace Head,2020-12-08T16:30:00Z,34.0866
Mace Head,2020-12-08T17:00:00Z,34.0971
Mace Head,2020-12-08T17:30:00Z,34.1027
Mace Head,2020-12-08T18:00:00Z,34.1051
Mace Head,2020-12-08T18:30:00Z,34.0033
Mace Head,2020-12-08T19:00:00Z,33.968
Mace Head,2020-12-08T19:30:00Z,33.9641
Mace Head,2020-12-08T20:00:00Z,33.9615
Mace Head,2020-12-08T20:30:00Z,33.9452
Mace Head,2020-12-08T21:00:00Z,33.9503
Mace Head,2020-12-08T21:30:00Z,33.9481
Mace Head,2020-12-08T22:00:00Z,33.9587
Mace Head,2020-12-08T22:30:00Z,33.9813
Mace Head,2020-12-08T23:00:00Z,33.9783
Mace Head,2020-12-08T23:30:00Z,33.9945
Mace Head,2020-12-09T00:00:00Z,34.0153
Mace Head,2020-12-09T00:30:00Z,34.0499
Mace Head,2020-12-09T01:00:00Z,34.0596
Mace Head,2020-12-09T01:30:00Z,34.0566
Mace Head,2020-12-09T02:00:00Z,34.0592
Mace Head,2020-12-09T02:30:00Z,34.0675
Mace Head,2020-12-09T03:00:00Z,34.0733
Mace Head,2020-12-09T03:30:00Z,34.0815
Mace Head,2020-12-09T04:00:00Z,34.1055
Mace Head,2020-12-09T04:30:00Z,34.1679
Mace Head,2020-12-09T05:00:00Z,34.1755
Mace Head,2020-12-09T05:30:00Z,34.1964
Mace Head,2020-12-09T06:00:00Z,34.203
Mace Head,2020-12-09T06:30:00Z,34.212
Mace Head,2020-12-09T07:00:00Z,34.2265
Mace Head,2020-12-09T07:30:00Z,34.2318
Mace Head,2020-12-09T08:00:00Z,34.2497
Mace Head,2020-12-09T08:30:00Z,34.2598
Mace Head,2020-12-09T09:00:00Z,34.2669
Mace Head,2020-12-09T09:30:00Z,34.2812
Mace Head,2020-12-09T10:00:00Z,34.3051
Mace Head,2020-12-09T10:30:00Z,34.2901
Mace Head,2020-12-09T11:00:00Z,34.2864
Mace Head,2020-12-09T11:30:00Z,34.2888
Mace Head,2020-12-09T12:00:00Z,34.2624
Mace Head,2020-12-09T12:30:00Z,34.2468
Mace Head,2020-12-09T13:00:00Z,34.2481
Mace Head,2020-12-09T13:30:00Z,34.2434
Mace Head,2020-12-09T14:00:00Z,34.2401
Mace Head,2020-12-09T14:30:00Z,34.24
Mace Head,2020-12-09T15:00:00Z,34.2414
Mace Head,2020-12-09T15:30:00Z,34.245
Mace Head,2020-12-09T16:00:00Z,34.2444
Mace Head,2020-12-09T16:30:00Z,34.1941
Mace Head,2020-12-09T17:00:00Z,34.0912
Mace Head,2020-12-09T17:30:00Z,34.0266
Mace Head,2020-12-09T18:00:00Z,33.998000000000005
Mace Head,2020-12-09T18:30:00Z,34.1563
Mace Head,2020-12-09T19:00:00Z,34.1613
Mace Head,2020-12-09T19:30:00Z,34.1398
Mace Head,2020-12-09T20:00:00Z,34.1496
Mace Head,2020-12-09T20:30:00Z,34.1401
Mace Head,2020-12-09T21:00:00Z,34.131
Mace Head,2020-12-09T21:30:00Z,34.1307
Mace Head,2020-12-09T22:00:00Z,34.1312
Mace Head,2020-12-09T22:30:00Z,34.1407
Mace Head,2020-12-09T23:00:00Z,34.1512
Mace Head,2020-12-09T23:30:00Z,34.169000000000004
Mace Head,2020-12-10T00:00:00Z,34.1983
Mace Head,2020-12-10T00:30:00Z,34.2536
Mace Head,2020-12-10T01:00:00Z,34.2561
Mace Head,2020-12-10T01:30:00Z,34.2436
Mace Head,2020-12-10T02:00:00Z,34.2339
Mace Head,2020-12-10T02:30:00Z,34.2163
Mace Head,2020-12-10T03:00:00Z,34.2033
Mace Head,2020-12-10T03:30:00Z,34.203
Mace Head,2020-12-10T04:00:00Z,34.2014
Mace Head,2020-12-10T04:30:00Z,34.2027
Mace Head,2020-12-10T05:00:00Z,34.2053
Mace Head,2020-12-10T05:30:00Z,34.2065
Mace Head,2020-12-10T06:00:00Z,34.2111
Mace Head,2020-12-10T06:30:00Z,34.217
Mace Head,2020-12-10T07:00:00Z,34.2148
Mace Head,2020-12-10T07:30:00Z,34.198
Mace Head,2020-12-10T08:00:00Z,34.2045
Mace Head,2020-12-10T08:30:00Z,34.1369
Mace Head,2020-12-10T09:00:00Z,34.1269
Mace Head,2020-12-10T09:30:00Z,34.1163
Mace Head,2020-12-10T10:00:00Z,34.085
Mace Head,2020-12-10T10:30:00Z,34.0992
Mace Head,2020-12-10T11:00:00Z,34.1733
Mace Head,2020-12-10T11:30:00Z,34.2366
Mace Head,2020-12-10T12:00:00Z,34.2774
Mace Head,2020-12-10T12:30:00Z,34.2684
Mace Head,2020-12-10T13:00:00Z,34.2518
Mace Head,2020-12-10T13:30:00Z,34.2187
Mace Head,2020-12-10T14:00:00Z,34.1699
Mace Head,2020-12-10T14:30:00Z,34.1724
Mace Head,2020-12-10T15:00:00Z,34.1674
Mace Head,2020-12-10T15:30:00Z,34.1759
Mace Head,2020-12-10T16:00:00Z,34.1755
Mace Head,2020-12-10T16:30:00Z,34.1786
Mace Head,2020-12-10T17:00:00Z,34.1765
Mace Head,2020-12-10T17:30:00Z,34.1815
Mace Head,2020-12-10T18:00:00Z,34.181999999999995
Mace Head,2020-12-10T18:30:00Z,34.1884
Mace Head,2020-12-10T19:00:00Z,34.1929
Mace Head,2020-12-10T19:30:00Z,34.1964
Mace Head,2020-12-10T20:00:00Z,34.1998
Mace Head,2020-12-10T20:30:00Z,34.2017
Mace Head,2020-12-10T21:00:00Z,34.2044
Mace Head,2020-12-10T21:30:00Z,34.2051
Mace Head,2020-12-10T22:00:00Z,34.21
Mace Head,2020-12-10T22:30:00Z,34.214
Mace Head,2020-12-10T23:00:00Z,34.2116
Mace Head,2020-12-10T23:30:00Z,34.2104
Mace Head,2020-12-11T00:00:00Z,34.2017
Mace Head,2020-12-11T00:30:00Z,34.1717
Mace Head,2020-12-11T01:00:00Z,34.1566
Mace Head,2020-12-11T01:30:00Z,34.1496
Mace Head,2020-12-11T02:00:00Z,34.1333
Mace Head,2020-12-11T02:30:00Z,34.1213
Mace Head,2020-12-11T03:00:00Z,34.121
Mace Head,2020-12-11T03:30:00Z,34.1225
Mace Head,2020-12-11T04:00:00Z,34.1187
Mace Head,2020-12-11T04:30:00Z,34.1165
Mace Head,2020-12-11T05:00:00Z,34.1167
Mace Head,2020-12-11T05:30:00Z,34.1213
Mace Head,2020-12-11T06:00:00Z,34.1248
Mace Head,2020-12-11T06:30:00Z,34.1289
Mace Head,2020-12-11T07:00:00Z,34.131
Mace Head,2020-12-11T07:30:00Z,34.132
Mace Head,2020-12-11T08:00:00Z,34.1337
Mace Head,2020-12-11T08:30:00Z,33.9608
Mace Head,2020-12-11T09:00:00Z,33.9715
Mace Head,2020-12-11T09:30:00Z,33.9471
Mace Head,2020-12-11T10:00:00Z,33.851
Mace Head,2020-12-11T10:30:00Z,33.8686
Mace Head,2020-12-11T11:00:00Z,33.887
Mace Head,2020-12-11T11:30:00Z,33.9099
Mace Head,2020-12-11T12:00:00Z,33.9295
Mace Head,2020-12-11T12:30:00Z,33.9459
Mace Head,2020-12-11T13:00:00Z,33.9749
Mace Head,2020-12-11T13:30:00Z,34.0035
Mace Head,2020-12-11T14:00:00Z,34.0251
Mace Head,2020-12-11T14:30:00Z,34.0791
Mace Head,2020-12-11T15:00:00Z,34.0987
Mace Head,2020-12-11T15:30:00Z,34.1345
Mace Head,2020-12-11T16:00:00Z,34.1402
Mace Head,2020-12-11T16:30:00Z,34.1068
Mace Head,2020-12-11T17:00:00Z,34.1064
Mace Head,2020-12-11T17:30:00Z,34.0922
Mace Head,2020-12-11T18:00:00Z,34.036
Mace Head,2020-12-11T18:30:00Z,34.0324
Mace Head,2020-12-11T19:00:00Z,33.9997
Mace Head,2020-12-11T19:30:00Z,33.9504
Mace Head,2020-12-11T20:00:00Z,33.7314
Mace Head,2020-12-11T20:30:00Z,33.6894
Mace Head,2020-12-11T21:00:00Z,33.6962
Mace Head,2020-12-11T21:30:00Z,33.7431
Mace Head,2020-12-11T22:00:00Z,33.751999999999995
Mace Head,2020-12-11T22:30:00Z,33.6928
Mace Head,2020-12-11T23:00:00Z,33.695
Mace Head,2020-12-11T23:30:00Z,33.7955
Mace Head,2020-12-12T00:00:00Z,33.803000000000004
Mace Head,2020-12-12T00:30:00Z,33.8461
Mace Head,2020-12-12T01:00:00Z,33.857
Mace Head,2020-12-12T01:30:00Z,33.8801
Mace Head,2020-12-12T02:00:00Z,33.9351
Mace Head,2020-12-12T02:30:00Z,34.0012
Mace Head,2020-12-12T03:00:00Z,33.9932
Mace Head,2020-12-12T03:30:00Z,33.9464
Mace Head,2020-12-12T04:00:00Z,33.9072
Mace Head,2020-12-12T04:30:00Z,33.8841
Mace Head,2020-12-12T05:00:00Z,33.8804
Mace Head,2020-12-12T05:30:00Z,33.8643
Mace Head,2020-12-12T06:00:00Z,33.8647
Mace Head,2020-12-12T06:30:00Z,33.8698
Mace Head,2020-12-12T07:00:00Z,33.8974
Mace Head,2020-12-12T07:30:00Z,33.9805
Mace Head,2020-12-12T08:00:00Z,34.0063
Mace Head,2020-12-12T08:30:00Z,33.8475
Mace Head,2020-12-12T09:00:00Z,33.8122
Mace Head,2020-12-12T09:30:00Z,33.8109
Mace Head,2020-12-12T10:00:00Z,33.8241
Mace Head,2020-12-12T10:30:00Z,33.7225
Mace Head,2020-12-12T11:00:00Z,33.7171
Mace Head,2020-12-12T11:30:00Z,33.7195
Mace Head,2020-12-12T12:00:00Z,33.7523
Mace Head,2020-12-12T12:30:00Z,33.7888
Mace Head,2020-12-12T13:00:00Z,33.8401
Mace Head,2020-12-12T13:30:00Z,33.9221
Mace Head,2020-12-12T14:00:00Z,33.9137
Mace Head,2020-12-12T14:30:00Z,33.9246
Mace Head,2020-12-12T15:00:00Z,33.9147
Mace Head,2020-12-12T15:30:00Z,33.9331
Mace Head,2020-12-12T16:00:00Z,33.8485
Mace Head,2020-12-12T16:30:00Z,33.8455
Mace Head,2020-12-12T17:00:00Z,33.8544
Mace Head,2020-12-12T17:30:00Z,33.8562
Mace Head,2020-12-12T18:00:00Z,33.8967
Mace Head,2020-12-12T18:30:00Z,33.9382
Mace Head,2020-12-12T19:00:00Z,33.9777
Mace Head,2020-12-12T19:30:00Z,33.9966
Mace Head,2020-12-12T20:00:00Z,33.995
Mace Head,2020-12-12T20:30:00Z,33.9882
Mace Head,2020-12-12T21:00:00Z,33.9716
Mace Head,2020-12-12T21:30:00Z,33.9714
Mace Head,2020-12-12T22:00:00Z,33.9692
Mace Head,2020-12-12T22:30:00Z,33.9795
Mace Head,2020-12-12T23:00:00Z,33.9807
Mace Head,2020-12-12T23:30:00Z,34.026
Mace Head,2020-12-13T00:00:00Z,34.061
Mace Head,2020-12-13T00:30:00Z,34.0531
Mace Head,2020-12-13T01:00:00Z,34.0755
Mace Head,2020-12-13T01:30:00Z,34.0919
Mace Head,2020-12-13T02:00:00Z,34.0781
Mace Head,2020-12-13T02:30:00Z,34.0914
Mace Head,2020-12-13T03:00:00Z,34.1458
Mace Head,2020-12-13T03:30:00Z,34.2228
Mace Head,2020-12-13T04:00:00Z,34.2145
Mace Head,2020-12-13T04:30:00Z,34.2104
Mace Head,2020-12-13T05:00:00Z,34.1942
Mace Head,2020-12-13T05:30:00Z,34.1731
Mace Head,2020-12-13T06:00:00Z,34.1705
Mace Head,2020-12-13T06:30:00Z,34.1156
Mace Head,2020-12-13T07:00:00Z,34.0894
Mace Head,2020-12-13T07:30:00Z,34.0888
Mace Head,2020-12-13T08:00:00Z,34.0031
Mace Head,2020-12-13T08:30:00Z,34.0197
Mace Head,2020-12-13T09:00:00Z,33.994
Mace Head,2020-12-13T09:30:00Z,33.9743
Mace Head,2020-12-13T10:00:00Z,33.995
Mace Head,2020-12-13T10:30:00Z,33.9779
Mace Head,2020-12-13T11:00:00Z,33.7416
Mace Head,2020-12-13T11:30:00Z,33.7154
Mace Head,2020-12-13T12:00:00Z,33.7529
Mace Head,2020-12-13T12:30:00Z,33.8539
Mace Head,2020-12-13T13:00:00Z,33.8835
Mace Head,2020-12-13T13:30:00Z,33.9186
Mace Head,2020-12-13T14:00:00Z,33.9951
Mace Head,2020-12-13T14:30:00Z,34.122
Mace Head,2020-12-13T15:00:00Z,34.0767
Mace Head,2020-12-13T15:30:00Z,34.113
Mace Head,2020-12-13T16:00:00Z,34.1255
Mace Head,2020-12-13T16:30:00Z,34.128
Mace Head,2020-12-13T17:00:00Z,34.1142
Mace Head,2020-12-13T17:30:00Z,34.1052
Mace Head,2020-12-13T18:00:00Z,34.1
Mace Head,2020-12-13T18:30:00Z,34.1334
Mace Head,2020-12-13T19:00:00Z,34.1329
Mace Head,2020-12-13T19:30:00Z,34.1275
Mace Head,2020-12-13T20:00:00Z,34.1192
Mace Head,2020-12-13T20:30:00Z,34.111999999999995
Mace Head,2020-12-13T21:00:00Z,34.1119
Mace Head,2020-12-13T21:30:00Z,34.1105
Mace Head,2020-12-13T22:00:00Z,34.1044
Mace Head,2020-12-13T22:30:00Z,34.0902
Mace Head,2020-12-13T23:00:00Z,34.0898
Mace Head,2020-12-13T23:30:00Z,34.0971
Mace Head,2020-12-14T00:00:00Z,33.901
Mace Head,2020-12-14T00:30:00Z,33.8063
Mace Head,2020-12-14T01:00:00Z,33.8863
Mace Head,2020-12-14T01:30:00Z,34.1877
Mace Head,2020-12-14T02:00:00Z,34.1926
Mace Head,2020-12-14T02:30:00Z,34.1847
Mace Head,2020-12-14T03:00:00Z,34.1784
Mace Head,2020-12-14T03:30:00Z,34.1885
Mace Head,2020-12-14T04:00:00Z,34.1843
Mace Head,2020-12-14T04:30:00Z,34.1764
Mace Head,2020-12-14T05:00:00Z,34.146
Mace Head,2020-12-14T05:30:00Z,34.1295
Mace Head,2020-12-14T06:00:00Z,34.1237
Mace Head,2020-12-14T06:30:00Z,34.1252
Mace Head,2020-12-14T07:00:00Z,34.1211
Mace Head,2020-12-14T07:30:00Z,34.0996
Mace Head,2020-12-14T08:00:00Z,34.0734
Mace Head,2020-12-14T08:30:00Z,34.0614
Mace Head,2020-12-14T09:00:00Z,34.0754
Mace Head,2020-12-14T09:30:00Z,33.962
Mace Head,2020-12-14T10:00:00Z,33.8234
Mace Head,2020-12-14T10:30:00Z,33.7555
Mace Head,2020-12-14T11:00:00Z,33.5199
Mace Head,2020-12-14T11:30:00Z,33.4925
Mace Head,2020-12-14T12:00:00Z,33.476
Mace Head,2020-12-14T12:30:00Z,33.4952
Mace Head,2020-12-14T13:00:00Z,33.5498
Mace Head,2020-12-14T13:30:00Z,33.6201
Mace Head,2020-12-14T14:00:00Z,33.6812
Mace Head,2020-12-14T14:30:00Z,33.7251
Mace Head,2020-12-14T15:00:00Z,33.9364
Mace Head,2020-12-14T15:30:00Z,34.0599
Mace Head,2020-12-14T16:00:00Z,34.122
Mace Head,2020-12-14T16:30:00Z,34.2144
Mace Head,2020-12-14T17:00:00Z,34.2386
Mace Head,2020-12-14T17:30:00Z,34.2422
Mace Head,2020-12-14T18:00:00Z,34.2412
Mace Head,2020-12-14T18:30:00Z,34.246
Mace Head,2020-12-14T19:00:00Z,34.2577
Mace Head,2020-12-14T19:30:00Z,34.2638
Mace Head,2020-12-14T20:00:00Z,34.2528
Mace Head,2020-12-14T20:30:00Z,34.2396
Mace Head,2020-12-14T21:00:00Z,34.0257
Mace Head,2020-12-14T21:30:00Z,34.008
Mace Head,2020-12-14T22:00:00Z,33.9873
Mace Head,2020-12-14T22:30:00Z,33.7893
Mace Head,2020-12-14T23:00:00Z,33.7779
Mace Head,2020-12-14T23:30:00Z,33.4696
Mace Head,2020-12-15T00:00:00Z,33.4086
Mace Head,2020-12-15T00:30:00Z,33.4185
Mace Head,2020-12-15T01:00:00Z,33.4179
Mace Head,2020-12-15T01:30:00Z,33.4458
Mace Head,2020-12-15T02:00:00Z,33.4993
Mace Head,2020-12-15T02:30:00Z,33.6107
Mace Head,2020-12-15T03:00:00Z,33.6698
Mace Head,2020-12-15T03:30:00Z,33.897
Mace Head,2020-12-15T04:00:00Z,34.0288
Mace Head,2020-12-15T04:30:00Z,34.1767
Mace Head,2020-12-15T05:00:00Z,34.242
Mace Head,2020-12-15T05:30:00Z,34.3095
Mace Head,2020-12-15T06:00:00Z,34.3154
Mace Head,2020-12-15T06:30:00Z,34.3018
Mace Head,2020-12-15T07:00:00Z,34.2946
Mace Head,2020-12-15T07:30:00Z,34.2969
Mace Head,2020-12-15T08:00:00Z,34.2961
Mace Head,2020-12-15T08:30:00Z,34.1635
Mace Head,2020-12-15T09:00:00Z,34.1183
Mace Head,2020-12-15T09:30:00Z,34.088
Mace Head,2020-12-15T10:00:00Z,34.0801
Mace Head,2020-12-15T10:30:00Z,34.0341
Mace Head,2020-12-15T11:00:00Z,33.931999999999995
Mace Head,2020-12-15T11:30:00Z,33.8517
Mace Head,2020-12-15T12:00:00Z,33.8062
Mace Head,2020-12-15T12:30:00Z,33.4613
Mace Head,2020-12-15T13:00:00Z,33.3297
Mace Head,2020-12-15T13:30:00Z,33.3883
Mace Head,2020-12-15T14:00:00Z,33.4639
Mace Head,2020-12-15T14:30:00Z,33.6019
Mace Head,2020-12-15T15:00:00Z,33.9197
Mace Head,2020-12-15T15:30:00Z,34.2555
Mace Head,2020-12-15T16:00:00Z,34.3172
Mace Head,2020-12-15T16:30:00Z,34.2963
Mace Head,2020-12-15T17:00:00Z,34.3018
Mace Head,2020-12-15T17:30:00Z,34.2978
Mace Head,2020-12-15T18:00:00Z,34.2851
Mace Head,2020-12-15T18:30:00Z,34.279
Mace Head,2020-12-15T19:00:00Z,34.2852
Mace Head,2020-12-15T19:30:00Z,34.2887
Mace Head,2020-12-15T20:00:00Z,34.3046
Mace Head,2020-12-15T20:30:00Z,34.2976
Mace Head,2020-12-15T21:00:00Z,34.2849
Mace Head,2020-12-15T21:30:00Z,34.0745
Mace Head,2020-12-15T22:00:00Z,33.9988
Mace Head,2020-12-15T22:30:00Z,33.8804
Mace Head,2020-12-15T23:00:00Z,33.8364
Mace Head,2020-12-15T23:30:00Z,33.729
Mace Head,2020-12-16T00:00:00Z,33.683
Mace Head,2020-12-16T00:30:00Z,33.6555
Mace Head,2020-12-16T01:00:00Z,33.6278
Mace Head,2020-12-16T01:30:00Z,33.6454
Mace Head,2020-12-16T02:00:00Z,33.714
Mace Head,2020-12-16T02:30:00Z,33.7636
Mace Head,2020-12-16T03:00:00Z,33.8351
Mace Head,2020-12-16T03:30:00Z,33.8711
Mace Head,2020-12-16T04:00:00Z,33.9537
Mace Head,2020-12-16T04:30:00Z,34.199
Mace Head,2020-12-16T05:00:00Z,34.2391
Mace Head,2020-12-16T05:30:00Z,34.2009
Mace Head,2020-12-16T06:00:00Z,34.2026
Mace Head,2020-12-16T06:30:00Z,34.1941
Mace Head,2020-12-16T07:00:00Z,34.1753
Mace Head,2020-12-16T07:30:00Z,34.1601
Mace Head,2020-12-16T08:00:00Z,34.1577
Mace Head,2020-12-16T08:30:00Z,34.154
Mace Head,2020-12-16T09:00:00Z,34.1593
Mace Head,2020-12-16T09:30:00Z,34.1687
Mace Head,2020-12-16T10:00:00Z,34.1652
Mace Head,2020-12-16T10:30:00Z,33.4709
Mace Head,2020-12-16T11:00:00Z,33.3033
Mace Head,2020-12-16T11:30:00Z,33.3365
Mace Head,2020-12-16T12:00:00Z,32.9753
Mace Head,2020-12-16T12:30:00Z,33.1394
Mace Head,2020-12-16T13:00:00Z,32.8781
Mace Head,2020-12-16T13:30:00Z,32.5631
Mace Head,2020-12-16T14:00:00Z,32.9149
Mace Head,2020-12-16T14:30:00Z,32.9041
Mace Head,2020-12-16T15:00:00Z,33.092
Mace Head,2020-12-16T15:30:00Z,33.2129
Mace Head,2020-12-16T16:00:00Z,33.2622
Mace Head,2020-12-16T16:30:00Z,33.2988
Mace Head,2020-12-16T17:00:00Z,33.3899
Mace Head,2020-12-16T17:30:00Z,33.4715
Mace Head,2020-12-16T18:00:00Z,33.532
Mace Head,2020-12-16T18:30:00Z,33.5679
Mace Head,2020-12-16T19:00:00Z,33.4948
Mace Head,2020-12-16T19:30:00Z,33.4862
Mace Head,2020-12-16T20:00:00Z,33.9721
Mace Head,2020-12-16T20:30:00Z,34.0379
Mace Head,2020-12-16T21:00:00Z,34.0466
Mace Head,2020-12-16T21:30:00Z,34.0515
Mace Head,2020-12-16T22:00:00Z,34.0606
Mace Head,2020-12-16T22:30:00Z,34.058
Mace Head,2020-12-16T23:00:00Z,33.7204
Mace Head,2020-12-16T23:30:00Z,33.7158
Mace Head,2020-12-17T00:00:00Z,33.7227
Mace Head,2020-12-17T00:30:00Z,33.6884
Mace Head,2020-12-17T01:00:00Z,33.0557
Mace Head,2020-12-17T01:30:00Z,33.1434
Mace Head,2020-12-17T02:00:00Z,33.1905
Mace Head,2020-12-17T02:30:00Z,33.1642
Mace Head,2020-12-17T03:00:00Z,33.1602
Mace Head,2020-12-17T03:30:00Z,33.1834
Mace Head,2020-12-17T04:00:00Z,33.2458
Mace Head,2020-12-17T04:30:00Z,33.3438
Mace Head,2020-12-17T05:00:00Z,33.4405
Mace Head,2020-12-17T05:30:00Z,33.5263
Mace Head,2020-12-17T06:00:00Z,33.5949
Mace Head,2020-12-17T06:30:00Z,33.6687
Mace Head,2020-12-17T07:00:00Z,33.7212
Mace Head,2020-12-17T07:30:00Z,33.813
Mace Head,2020-12-17T08:00:00Z,33.9361
Mace Head,2020-12-17T08:30:00Z,34.0259
Mace Head,2020-12-17T09:00:00Z,34.0232
Mace Head,2020-12-17T09:30:00Z,34.0269
Mace Head,2020-12-17T10:00:00Z,33.9808
Mace Head,2020-12-17T10:30:00Z,33.9897
Mace Head,2020-12-17T11:00:00Z,33.9594
Mace Head,2020-12-17T11:30:00Z,33.9349
Mace Head,2020-12-17T12:00:00Z,33.9018
Mace Head,2020-12-17T12:30:00Z,33.8227
Mace Head,2020-12-17T13:00:00Z,33.7849
Mace Head,2020-12-17T13:30:00Z,33.7811
Mace Head,2020-12-17T14:00:00Z,33.7638
Mace Head,2020-12-17T14:30:00Z,33.8071
Mace Head,2020-12-17T15:00:00Z,33.8318
Mace Head,2020-12-17T15:30:00Z,33.8682
Mace Head,2020-12-17T16:00:00Z,34.0161
Mace Head,2020-12-17T16:30:00Z,33.9872
Mace Head,2020-12-17T17:00:00Z,33.9845
Mace Head,2020-12-17T17:30:00Z,33.9839
Mace Head,2020-12-17T18:00:00Z,33.9744
Mace Head,2020-12-17T18:30:00Z,33.9841
Mace Head,2020-12-17T19:00:00Z,33.9738
Mace Head,2020-12-17T19:30:00Z,33.9688
Mace Head,2020-12-17T20:00:00Z,33.9753
Mace Head,2020-12-17T20:30:00Z,33.981
Mace Head,2020-12-17T21:00:00Z,33.9782
Mace Head,2020-12-17T21:30:00Z,33.9733
Mace Head,2020-12-17T22:00:00Z,33.9701
Mace Head,2020-12-17T22:30:00Z,33.9729
Mace Head,2020-12-17T23:00:00Z,33.9663
Mace Head,2020-12-17T23:30:00Z,33.9676
Mace Head,2020-12-18T00:00:00Z,33.9734
Mace Head,2020-12-18T00:30:00Z,33.971
Mace Head,2020-12-18T01:00:00Z,33.9657
Mace Head,2020-12-18T01:30:00Z,33.4849
Mace Head,2020-12-18T02:00:00Z,33.3279
Mace Head,2020-12-18T02:30:00Z,33.1923
Mace Head,2020-12-18T03:00:00Z,33.1897
Mace Head,2020-12-18T03:30:00Z,33.2695
Mace Head,2020-12-18T04:00:00Z,33.3136
Mace Head,2020-12-18T04:30:00Z,33.5142
Mace Head,2020-12-18T05:00:00Z,33.6733
Mace Head,2020-12-18T05:30:00Z,33.7872
Mace Head,2020-12-18T06:00:00Z,33.8418
Mace Head,2020-12-18T06:30:00Z,33.9258
Mace Head,2020-12-18T07:00:00Z,33.96
Mace Head,2020-12-18T07:30:00Z,33.9628
Mace Head,2020-12-18T08:00:00Z,33.962
Mace Head,2020-12-18T08:30:00Z,33.9691
Mace Head,2020-12-18T09:00:00Z,33.9773
Mace Head,2020-12-18T09:30:00Z,33.9682
Mace Head,2020-12-18T10:00:00Z,33.9667
Mace Head,2020-12-18T10:30:00Z,33.9643
Mace Head,2020-12-18T11:00:00Z,33.9726
Mace Head,2020-12-18T11:30:00Z,33.9714
Mace Head,2020-12-18T12:00:00Z,33.959
Mace Head,2020-12-18T12:30:00Z,33.951
Mace Head,2020-12-18T13:00:00Z,33.9435
Mace Head,2020-12-18T13:30:00Z,33.3255
Mace Head,2020-12-18T14:00:00Z,33.2713
Mace Head,2020-12-18T14:30:00Z,32.9913
Mace Head,2020-12-18T15:00:00Z,32.9772
Mace Head,2020-12-18T15:30:00Z,33.0324
Mace Head,2020-12-18T16:00:00Z,33.0511
Mace Head,2020-12-18T16:30:00Z,33.0875
Mace Head,2020-12-18T17:00:00Z,33.1409
Mace Head,2020-12-18T17:30:00Z,33.3349
Mace Head,2020-12-18T18:00:00Z,33.539
Mace Head,2020-12-18T18:30:00Z,33.6324
Mace Head,2020-12-18T19:00:00Z,33.7955
Mace Head,2020-12-18T19:30:00Z,33.9335
Mace Head,2020-12-18T20:00:00Z,33.9262
Mace Head,2020-12-18T20:30:00Z,33.9178
Mace Head,2020-12-18T21:00:00Z,33.9135
Mace Head,2020-12-18T21:30:00Z,33.9074
Mace Head,2020-12-18T22:00:00Z,33.9075
Mace Head,2020-12-18T22:30:00Z,33.9068
Mace Head,2020-12-18T23:00:00Z,33.9063
Mace Head,2020-12-18T23:30:00Z,33.9067
Mace Head,2020-12-19T00:00:00Z,33.9055
Mace Head,2020-12-19T00:30:00Z,33.908
Mace Head,2020-12-19T01:00:00Z,33.9092
Mace Head,2020-12-19T01:30:00Z,33.9116
Mace Head,2020-12-19T02:00:00Z,33.9169
Mace Head,2020-12-19T02:30:00Z,33.9157
Mace Head,2020-12-19T03:00:00Z,33.9176
Mace Head,2020-12-19T03:30:00Z,33.9106
Mace Head,2020-12-19T04:00:00Z,33.9049
Mace Head,2020-12-19T04:30:00Z,33.9034
Mace Head,2020-12-19T05:00:00Z,33.9022
Mace Head,2020-12-19T05:30:00Z,33.8963
Mace Head,2020-12-19T06:00:00Z,33.8998
Mace Head,2020-12-19T06:30:00Z,33.899
Mace Head,2020-12-19T07:00:00Z,33.8922
Mace Head,2020-12-19T07:30:00Z,33.8948
Mace Head,2020-12-19T08:00:00Z,33.8899
Mace Head,2020-12-19T08:30:00Z,33.8923
Mace Head,2020-12-19T09:00:00Z,33.8978
Mace Head,2020-12-19T09:30:00Z,33.8986
Mace Head,2020-12-19T10:00:00Z,33.8989
Mace Head,2020-12-19T10:30:00Z,33.8972
Mace Head,2020-12-19T11:00:00Z,33.898
Mace Head,2020-12-19T11:30:00Z,33.8837
Mace Head,2020-12-19T12:00:00Z,33.8763
Mace Head,2020-12-19T12:30:00Z,33.8552
Mace Head,2020-12-19T13:00:00Z,33.8499
Mace Head,2020-12-19T13:30:00Z,33.864000000000004
Mace Head,2020-12-19T14:00:00Z,33.5754
Mace Head,2020-12-19T14:30:00Z,33.459
Mace Head,2020-12-19T15:00:00Z,33.24
Mace Head,2020-12-19T15:30:00Z,33.0239
Mace Head,2020-12-19T16:00:00Z,32.9808
Mace Head,2020-12-19T16:30:00Z,32.9753
Mace Head,2020-12-19T17:00:00Z,32.9765
Mace Head,2020-12-19T17:30:00Z,33.0009
Mace Head,2020-12-19T18:00:00Z,33.0551
Mace Head,2020-12-19T18:30:00Z,33.0956
Mace Head,2020-12-19T19:00:00Z,33.152
Mace Head,2020-12-19T19:30:00Z,33.2273
Mace Head,2020-12-19T20:00:00Z,33.6423
Mace Head,2020-12-19T20:30:00Z,33.7343
Mace Head,2020-12-19T21:00:00Z,33.8415
Mace Head,2020-12-19T21:30:00Z,33.8423
Mace Head,2020-12-19T22:00:00Z,33.8346
Mace Head,2020-12-19T22:30:00Z,33.8505
Mace Head,2020-12-19T23:00:00Z,33.8644
Mace Head,2020-12-19T23:30:00Z,33.8669
Mace Head,2020-12-20T00:00:00Z,33.8623
Mace Head,2020-12-20T00:30:00Z,33.8163
Mace Head,2020-12-20T01:00:00Z,33.4936
Mace Head,2020-12-20T01:30:00Z,33.4158
Mace Head,2020-12-20T02:00:00Z,33.3446
Mace Head,2020-12-20T02:30:00Z,33.3533
Mace Head,2020-12-20T03:00:00Z,33.3237
Mace Head,2020-12-20T03:30:00Z,33.292
Mace Head,2020-12-20T04:00:00Z,33.3026
Mace Head,2020-12-20T04:30:00Z,33.2078
Mace Head,2020-12-20T05:00:00Z,33.2356
Mace Head,2020-12-20T05:30:00Z,33.277
Mace Head,2020-12-20T06:00:00Z,33.3104
Mace Head,2020-12-20T06:30:00Z,33.3307
Mace Head,2020-12-20T07:00:00Z,33.369
Mace Head,2020-12-20T07:30:00Z,33.4005
Mace Head,2020-12-20T08:00:00Z,33.4888
Mace Head,2020-12-20T08:30:00Z,33.577
Mace Head,2020-12-20T09:00:00Z,33.6319
Mace Head,2020-12-20T09:30:00Z,33.6802
Mace Head,2020-12-20T10:00:00Z,33.687
Mace Head,2020-12-20T10:30:00Z,33.6295
Mace Head,2020-12-20T11:00:00Z,33.5895
Mace Head,2020-12-20T11:30:00Z,33.5729
Mace Head,2020-12-20T12:00:00Z,33.5584
Mace Head,2020-12-20T12:30:00Z,33.5341
Mace Head,2020-12-20T13:00:00Z,33.5328
Mace Head,2020-12-20T13:30:00Z,33.5507
Mace Head,2020-12-20T14:00:00Z,33.6399
Mace Head,2020-12-20T14:30:00Z,33.7093
Mace Head,2020-12-20T15:00:00Z,33.6221
Mace Head,2020-12-20T15:30:00Z,33.5524
Mace Head,2020-12-20T16:00:00Z,33.5297
Mace Head,2020-12-20T16:30:00Z,33.5072
Mace Head,2020-12-20T17:00:00Z,33.548
Mace Head,2020-12-20T17:30:00Z,33.4594
Mace Head,2020-12-20T18:00:00Z,33.4054
Mace Head,2020-12-20T18:30:00Z,33.4227
Mace Head,2020-12-20T19:00:00Z,33.4433
Mace Head,2020-12-20T19:30:00Z,33.4784
Mace Head,2020-12-20T20:00:00Z,33.5003
Mace Head,2020-12-20T20:30:00Z,33.4958
Mace Head,2020-12-20T21:00:00Z,33.5036
Mace Head,2020-12-20T21:30:00Z,33.4474
Mace Head,2020-12-20T22:00:00Z,33.3915
Mace Head,2020-12-20T22:30:00Z,33.3726
Mace Head,2020-12-20T23:00:00Z,33.3665
Mace Head,2020-12-20T23:30:00Z,33.4426
Mace Head,2020-12-21T00:00:00Z,33.4845
Mace Head,2020-12-21T00:30:00Z,33.5307
Mace Head,2020-12-21T01:00:00Z,33.559
Mace Head,2020-12-21T01:30:00Z,33.5846
Mace Head,2020-12-21T02:00:00Z,33.6145
Mace Head,2020-12-21T02:30:00Z,33.636
Mace Head,2020-12-21T03:00:00Z,33.6386
Mace Head,2020-12-21T03:30:00Z,33.5481
Mace Head,2020-12-21T04:00:00Z,33.2307
Mace Head,2020-12-21T04:30:00Z,33.172
Mace Head,2020-12-21T05:00:00Z,33.1513
Mace Head,2020-12-21T05:30:00Z,33.1794
Mace Head,2020-12-21T06:00:00Z,33.1504
Mace Head,2020-12-21T06:30:00Z,33.1218
Mace Head,2020-12-21T07:00:00Z,33.1684
Mace Head,2020-12-21T07:30:00Z,33.2049
Mace Head,2020-12-21T08:00:00Z,33.213
Mace Head,2020-12-21T08:30:00Z,33.2559
Mace Head,2020-12-21T09:00:00Z,33.2832
Mace Head,2020-12-21T09:30:00Z,33.3529
Mace Head,2020-12-21T10:00:00Z,33.4286
Mace Head,2020-12-21T10:30:00Z,33.4877
Mace Head,2020-12-21T11:00:00Z,33.4875
Mace Head,2020-12-21T11:30:00Z,33.5
Mace Head,2020-12-21T12:00:00Z,33.5164
Mace Head,2020-12-21T12:30:00Z,33.5267
Mace Head,2020-12-21T13:00:00Z,33.5309
Mace Head,2020-12-21T13:30:00Z,33.5169
Mace Head,2020-12-21T14:00:00Z,33.185
Mace Head,2020-12-21T14:30:00Z,33.069
Mace Head,2020-12-21T15:00:00Z,33.0341
Mace Head,2020-12-21T15:30:00Z,32.8307
Mace Head,2020-12-21T16:00:00Z,32.8387
Mace Head,2020-12-21T16:30:00Z,32.7802
Mace Head,2020-12-21T17:00:00Z,32.3928
Mace Head,2020-12-21T17:30:00Z,32.3553
Mace Head,2020-12-21T18:00:00Z,32.3691
Mace Head,2020-12-21T18:30:00Z,32.3917
Mace Head,2020-12-21T19:00:00Z,32.1853
Mace Head,2020-12-21T19:30:00Z,32.1345
Mace Head,2020-12-21T20:00:00Z,32.1488
Mace Head,2020-12-21T20:30:00Z,32.2486
Mace Head,2020-12-21T21:00:00Z,32.4541
Mace Head,2020-12-21T21:30:00Z,32.6317
Mace Head,2020-12-21T22:00:00Z,32.6875
Mace Head,2020-12-21T22:30:00Z,32.7724
Mace Head,2020-12-21T23:00:00Z,32.9303
Mace Head,2020-12-21T23:30:00Z,32.9517
Mace Head,2020-12-22T00:00:00Z,33.0106
Mace Head,2020-12-22T00:30:00Z,32.909
Mace Head,2020-12-22T01:00:00Z,32.7408
Mace Head,2020-12-22T01:30:00Z,32.3724
Mace Head,2020-12-22T02:00:00Z,32.5169
Mace Head,2020-12-22T02:30:00Z,32.6707
Mace Head,2020-12-22T03:00:00Z,32.8965
Mace Head,2020-12-22T03:30:00Z,33.0245
Mace Head,2020-12-22T04:00:00Z,33.1332
Mace Head,2020-12-22T04:30:00Z,32.9389
Mace Head,2020-12-22T05:00:00Z,32.9084
Mace Head,2020-12-22T05:30:00Z,32.8888
Mace Head,2020-12-22T06:00:00Z,32.9904
Mace Head,2020-12-22T06:30:00Z,33.0099
Mace Head,2020-12-22T07:00:00Z,33.0092
Mace Head,2020-12-22T07:30:00Z,32.9931
Mace Head,2020-12-22T08:00:00Z,33.1242
Mace Head,2020-12-22T08:30:00Z,33.0818
Mace Head,2020-12-22T09:00:00Z,33.0932
Mace Head,2020-12-22T09:30:00Z,33.117
Mace Head,2020-12-22T10:00:00Z,33.1255
Mace Head,2020-12-22T10:30:00Z,33.1613
Mace Head,2020-12-22T11:00:00Z,33.1931
Mace Head,2020-12-22T11:30:00Z,33.2516
Mace Head,2020-12-22T12:00:00Z,33.3363
Mace Head,2020-12-22T12:30:00Z,33.4507
Mace Head,2020-12-22T13:00:00Z,33.5026
Mace Head,2020-12-22T13:30:00Z,33.5198
Mace Head,2020-12-22T14:00:00Z,33.4837
Mace Head,2020-12-22T14:30:00Z,33.246
Mace Head,2020-12-22T15:00:00Z,33.1865
Mace Head,2020-12-22T15:30:00Z,33.1102
Mace Head,2020-12-22T16:00:00Z,33.0502
Mace Head,2020-12-22T16:30:00Z,33.1608
Mace Head,2020-12-22T17:00:00Z,33.143
Mace Head,2020-12-22T17:30:00Z,33.1271
Mace Head,2020-12-22T18:00:00Z,32.894
Mace Head,2020-12-22T18:30:00Z,32.7161
Mace Head,2020-12-22T19:00:00Z,32.6651
Mace Head,2020-12-22T19:30:00Z,32.4961
Mace Head,2020-12-22T20:00:00Z,32.5869
Mace Head,2020-12-22T20:30:00Z,32.2739
Mace Head,2020-12-22T21:00:00Z,32.0535
Mace Head,2020-12-22T21:30:00Z,31.4747
Mace Head,2020-12-22T22:00:00Z,31.0364
Mace Head,2020-12-22T22:30:00Z,30.6881
Mace Head,2020-12-22T23:00:00Z,30.9269
Mace Head,2020-12-22T23:30:00Z,31.0562
Mace Head,2020-12-23T00:00:00Z,31.2915
Mace Head,2020-12-23T00:30:00Z,31.4117
Mace Head,2020-12-23T01:00:00Z,31.3105
Mace Head,2020-12-23T01:30:00Z,31.2767
Mace Head,2020-12-23T02:00:00Z,31.1929
Mace Head,2020-12-23T02:30:00Z,31.3345
Mace Head,2020-12-23T03:00:00Z,31.6216
Mace Head,2020-12-23T03:30:00Z,31.5047
Mace Head,2020-12-23T04:00:00Z,31.3724
Mace Head,2020-12-23T04:30:00Z,31.285
Mace Head,2020-12-23T05:00:00Z,31.2987
Mace Head,2020-12-23T05:30:00Z,31.4109
Mace Head,2020-12-23T06:00:00Z,31.5339
Mace Head,2020-12-23T06:30:00Z,31.5869
Mace Head,2020-12-23T07:00:00Z,31.5326
Mace Head,2020-12-23T07:30:00Z,31.2196
Mace Head,2020-12-23T08:00:00Z,31.3269
Mace Head,2020-12-23T08:30:00Z,31.4472
Mace Head,2020-12-23T09:00:00Z,31.6111
Mace Head,2020-12-23T09:30:00Z,31.452
Mace Head,2020-12-23T10:00:00Z,31.2963
Mace Head,2020-12-23T10:30:00Z,31.3333
Mace Head,2020-12-23T11:00:00Z,31.4067
Mace Head,2020-12-23T11:30:00Z,31.5002
Mace Head,2020-12-23T12:00:00Z,31.5614
Mace Head,2020-12-23T12:30:00Z,31.7232
Mace Head,2020-12-23T13:00:00Z,32.0485
Mace Head,2020-12-23T13:30:00Z,32.3689
Mace Head,2020-12-23T14:00:00Z,32.6258
Mace Head,2020-12-23T14:30:00Z,32.8646
Mace Head,2020-12-23T15:00:00Z,33.0689
Mace Head,2020-12-23T15:30:00Z,33.201
Mace Head,2020-12-23T16:00:00Z,33.3007
Mace Head,2020-12-23T16:30:00Z,33.4014
Mace Head,2020-12-23T17:00:00Z,33.4438
Mace Head,2020-12-23T17:30:00Z,33.4936
Mace Head,2020-12-23T18:00:00Z,33.4731
Mace Head,2020-12-23T18:30:00Z,33.4358
Mace Head,2020-12-23T19:00:00Z,33.222
Mace Head,2020-12-23T19:30:00Z,32.8459
Mace Head,2020-12-23T20:00:00Z,32.9355
Mace Head,2020-12-23T20:30:00Z,32.9459
Mace Head,2020-12-23T21:00:00Z,32.9192
Mace Head,2020-12-23T21:30:00Z,32.9506
Mace Head,2020-12-23T22:00:00Z,33.0512
Mace Head,2020-12-23T22:30:00Z,33.1645
Mace Head,2020-12-23T23:00:00Z,33.1528
Mace Head,2020-12-23T23:30:00Z,33.2181
Mace Head,2020-12-24T00:00:00Z,33.2687
Mace Head,2020-12-24T00:30:00Z,33.2806
Mace Head,2020-12-24T01:00:00Z,33.2902
Mace Head,2020-12-24T01:30:00Z,33.3421
Mace Head,2020-12-24T02:00:00Z,33.351
Mace Head,2020-12-24T02:30:00Z,33.3438
Mace Head,2020-12-24T03:00:00Z,33.363
Mace Head,2020-12-24T03:30:00Z,33.3883
Mace Head,2020-12-24T04:00:00Z,33.4073
Mace Head,2020-12-24T04:30:00Z,33.428000000000004
Mace Head,2020-12-24T05:00:00Z,33.4387
Mace Head,2020-12-24T05:30:00Z,33.4408
Mace Head,2020-12-24T06:00:00Z,33.4314
Mace Head,2020-12-24T06:30:00Z,33.359
Mace Head,2020-12-24T07:00:00Z,33.3647
Mace Head,2020-12-24T07:30:00Z,33.1214
Mace Head,2020-12-24T08:00:00Z,33.0581
Mace Head,2020-12-24T08:30:00Z,32.9484
Mace Head,2020-12-24T09:00:00Z,32.8827
Mace Head,2020-12-24T09:30:00Z,32.7253
Mace Head,2020-12-24T10:00:00Z,32.6934
Mace Head,2020-12-24T10:30:00Z,32.7755
Mace Head,2020-12-24T11:00:00Z,32.7489
Mace Head,2020-12-24T11:30:00Z,32.7741
Mace Head,2020-12-24T12:00:00Z,32.8091
Mace Head,2020-12-24T12:30:00Z,32.9362
Mace Head,2020-12-24T13:00:00Z,33.0467
Mace Head,2020-12-24T13:30:00Z,33.1267
Mace Head,2020-12-24T14:00:00Z,33.1866
Mace Head,2020-12-24T14:30:00Z,33.2644
Mace Head,2020-12-24T15:00:00Z,33.3693
Mace Head,2020-12-24T15:30:00Z,33.4568
Mace Head,2020-12-24T16:00:00Z,33.5273
Mace Head,2020-12-24T16:30:00Z,33.5843
Mace Head,2020-12-24T17:00:00Z,33.6218
Mace Head,2020-12-24T17:30:00Z,33.6063
Mace Head,2020-12-24T18:00:00Z,33.5978
Mace Head,2020-12-24T18:30:00Z,33.5995
Mace Head,2020-12-24T19:00:00Z,33.6066
Mace Head,2020-12-24T19:30:00Z,33.6161
Mace Head,2020-12-24T20:00:00Z,33.621
Mace Head,2020-12-24T20:30:00Z,33.6272
Mace Head,2020-12-24T21:00:00Z,33.6274
Mace Head,2020-12-24T21:30:00Z,33.6317
Mace Head,2020-12-24T22:00:00Z,33.634
Mace Head,2020-12-24T22:30:00Z,33.6368
Mace Head,2020-12-24T23:00:00Z,33.6419
Mace Head,2020-12-24T23:30:00Z,33.6413
Mace Head,2020-12-25T00:00:00Z,33.6398
Mace Head,2020-12-25T00:30:00Z,33.6357
Mace Head,2020-12-25T01:00:00Z,33.6286
Mace Head,2020-12-25T01:30:00Z,33.6305
Mace Head,2020-12-25T02:00:00Z,33.6529
Mace Head,2020-12-25T02:30:00Z,33.685
Mace Head,2020-12-25T03:00:00Z,33.6929
Mace Head,2020-12-25T03:30:00Z,33.7307
Mace Head,2020-12-25T04:00:00Z,33.7561
Mace Head,2020-12-25T04:30:00Z,33.7718
Mace Head,2020-12-25T05:00:00Z,33.7894
Mace Head,2020-12-25T05:30:00Z,33.7892
Mace Head,2020-12-25T06:00:00Z,33.8003
Mace Head,2020-12-25T06:30:00Z,33.8001
Mace Head,2020-12-25T07:00:00Z,33.7901
Mace Head,2020-12-25T07:30:00Z,33.7867
Mace Head,2020-12-25T08:00:00Z,33.8144
Mace Head,2020-12-25T08:30:00Z,33.8309
Mace Head,2020-12-25T09:00:00Z,33.8234
Mace Head,2020-12-25T09:30:00Z,33.8031
Mace Head,2020-12-25T10:00:00Z,33.8095
Mace Head,2020-12-25T10:30:00Z,33.7843
Mace Head,2020-12-25T11:00:00Z,33.6863
Mace Head,2020-12-25T11:30:00Z,33.5164
Mace Head,2020-12-25T12:00:00Z,33.5202
Mace Head,2020-12-25T12:30:00Z,33.4988
Mace Head,2020-12-25T13:00:00Z,33.4659
Mace Head,2020-12-25T13:30:00Z,33.4673
Mace Head,2020-12-25T14:00:00Z,33.4847
Mace Head,2020-12-25T14:30:00Z,33.4944
Mace Head,2020-12-25T15:00:00Z,33.5035
Mace Head,2020-12-25T15:30:00Z,33.5236
Mace Head,2020-12-25T16:00:00Z,33.5355
Mace Head,2020-12-25T16:30:00Z,33.5448
Mace Head,2020-12-25T17:00:00Z,33.562
Mace Head,2020-12-25T17:30:00Z,33.5857
Mace Head,2020-12-25T18:00:00Z,33.6037
Mace Head,2020-12-25T18:30:00Z,33.5969
Mace Head,2020-12-25T19:00:00Z,33.5692
Mace Head,2020-12-25T19:30:00Z,33.5706
Mace Head,2020-12-25T20:00:00Z,33.5652
Mace Head,2020-12-25T20:30:00Z,33.5772
Mace Head,2020-12-25T21:00:00Z,33.5613
Mace Head,2020-12-25T21:30:00Z,33.5861
Mace Head,2020-12-25T22:00:00Z,33.6076
Mace Head,2020-12-25T22:30:00Z,33.6136
Mace Head,2020-12-25T23:00:00Z,33.6325
Mace Head,2020-12-25T23:30:00Z,33.6672
Mace Head,2020-12-26T00:00:00Z,33.6781
Mace Head,2020-12-26T00:30:00Z,33.7347
Mace Head,2020-12-26T01:00:00Z,33.7491
Mace Head,2020-12-26T01:30:00Z,33.754
Mace Head,2020-12-26T02:00:00Z,33.757
Mace Head,2020-12-26T02:30:00Z,33.7553
Mace Head,2020-12-26T03:00:00Z,33.7557
Mace Head,2020-12-26T03:30:00Z,33.7594
Mace Head,2020-12-26T04:00:00Z,33.7605
Mace Head,2020-12-26T04:30:00Z,33.7591
Mace Head,2020-12-26T05:00:00Z,33.7619
Mace Head,2020-12-26T05:30:00Z,33.7643
Mace Head,2020-12-26T06:00:00Z,33.7717
Mace Head,2020-12-26T06:30:00Z,33.7078
Mace Head,2020-12-26T07:00:00Z,33.6775
Mace Head,2020-12-26T07:30:00Z,33.6868
Mace Head,2020-12-26T08:00:00Z,33.7006
Mace Head,2020-12-26T08:30:00Z,33.7195
Mace Head,2020-12-26T09:00:00Z,33.7423
Mace Head,2020-12-26T09:30:00Z,33.7542
Mace Head,2020-12-26T10:00:00Z,33.7735
Mace Head,2020-12-26T10:30:00Z,33.7728
Mace Head,2020-12-26T11:00:00Z,33.7692
Mace Head,2020-12-26T11:30:00Z,33.7812
Mace Head,2020-12-26T12:00:00Z,33.798
Mace Head,2020-12-26T12:30:00Z,33.8055
Mace Head,2020-12-26T13:00:00Z,33.8611
Mace Head,2020-12-26T13:30:00Z,33.8854
Mace Head,2020-12-26T14:00:00Z,33.8919
Mace Head,2020-12-26T14:30:00Z,33.8962
Mace Head,2020-12-26T15:00:00Z,33.9011
Mace Head,2020-12-26T15:30:00Z,33.9021
Mace Head,2020-12-26T16:00:00Z,33.876
Mace Head,2020-12-26T16:30:00Z,33.8598
Mace Head,2020-12-26T17:00:00Z,33.8672
Mace Head,2020-12-26T17:30:00Z,33.8873
Mace Head,2020-12-26T18:00:00Z,33.8828
Mace Head,2020-12-26T18:30:00Z,33.8778
Mace Head,2020-12-26T19:00:00Z,33.8197
Mace Head,2020-12-26T19:30:00Z,33.7027
Mace Head,2020-12-26T20:00:00Z,33.7163
Mace Head,2020-12-26T20:30:00Z,33.6847
Mace Head,2020-12-26T21:00:00Z,33.6248
Mace Head,2020-12-26T21:30:00Z,33.6062
Mace Head,2020-12-26T22:00:00Z,33.6692
Mace Head,2020-12-26T22:30:00Z,33.7279
Mace Head,2020-12-26T23:00:00Z,33.68
Mace Head,2020-12-26T23:30:00Z,33.7353
Mace Head,2020-12-27T00:00:00Z,33.8312
Mace Head,2020-12-27T00:30:00Z,33.8511
Mace Head,2020-12-27T01:00:00Z,33.8573
Mace Head,2020-12-27T01:30:00Z,33.8852
Mace Head,2020-12-27T02:00:00Z,33.896
Mace Head,2020-12-27T02:30:00Z,33.8924
Mace Head,2020-12-27T03:00:00Z,33.8667
Mace Head,2020-12-27T03:30:00Z,33.8859
Mace Head,2020-12-27T04:00:00Z,33.9101
Mace Head,2020-12-27T04:30:00Z,34.0207
Mace Head,2020-12-27T05:00:00Z,34.0496
Mace Head,2020-12-27T05:30:00Z,34.124
Mace Head,2020-12-27T06:00:00Z,34.0686
Mace Head,2020-12-27T06:30:00Z,34.0897
Mace Head,2020-12-27T07:00:00Z,34.1679
Mace Head,2020-12-27T07:30:00Z,34.1796
Mace Head,2020-12-27T08:00:00Z,33.9864
Mace Head,2020-12-27T08:30:00Z,33.892
Mace Head,2020-12-27T09:00:00Z,33.815
Mace Head,2020-12-27T09:30:00Z,33.7795
Mace Head,2020-12-27T10:00:00Z,33.768
Mace Head,2020-12-27T10:30:00Z,33.6183
Mace Head,2020-12-27T11:00:00Z,33.6539
Mace Head,2020-12-27T11:30:00Z,33.7192
Mace Head,2020-12-27T12:00:00Z,33.8216
Mace Head,2020-12-27T12:30:00Z,33.9112
Mace Head,2020-12-27T13:00:00Z,34.0885
Mace Head,2020-12-27T13:30:00Z,34.2735
Mace Head,2020-12-27T14:00:00Z,34.2567
Mace Head,2020-12-27T14:30:00Z,34.2677
Mace Head,2020-12-27T15:00:00Z,34.2787
Mace Head,2020-12-27T15:30:00Z,34.2836
Mace Head,2020-12-27T16:00:00Z,34.2919
Mace Head,2020-12-27T16:30:00Z,34.3367
Mace Head,2020-12-27T17:00:00Z,34.0459
Mace Head,2020-12-27T17:30:00Z,34.1188
Mace Head,2020-12-27T18:00:00Z,34.194
Mace Head,2020-12-27T18:30:00Z,34.2128
Mace Head,2020-12-27T19:00:00Z,34.285
Mace Head,2020-12-27T19:30:00Z,34.0873
Mace Head,2020-12-27T20:00:00Z,33.9554
Mace Head,2020-12-27T20:30:00Z,33.9611
Mace Head,2020-12-27T21:00:00Z,33.9315
Mace Head,2020-12-27T21:30:00Z,33.6567
Mace Head,2020-12-27T22:00:00Z,33.6173
Mace Head,2020-12-27T22:30:00Z,33.6439
Mace Head,2020-12-27T23:00:00Z,33.7143
Mace Head,2020-12-27T23:30:00Z,33.8239
Mace Head,2020-12-28T00:00:00Z,33.9056
Mace Head,2020-12-28T00:30:00Z,34.0085
Mace Head,2020-12-28T01:00:00Z,34.0775
Mace Head,2020-12-28T01:30:00Z,34.2153
Mace Head,2020-12-28T02:00:00Z,34.4111
Mace Head,2020-12-28T02:30:00Z,34.4323
Mace Head,2020-12-28T03:00:00Z,34.4473
Mace Head,2020-12-28T03:30:00Z,34.4605
Mace Head,2020-12-28T04:00:00Z,34.4685
Mace Head,2020-12-28T04:30:00Z,34.4762
Mace Head,2020-12-28T05:00:00Z,34.4973
Mace Head,2020-12-28T05:30:00Z,34.5264
Mace Head,2020-12-28T06:00:00Z,34.564
Mace Head,2020-12-28T06:30:00Z,34.5811
Mace Head,2020-12-28T07:00:00Z,34.5649
Mace Head,2020-12-28T07:30:00Z,34.2948
Mace Head,2020-12-28T08:00:00Z,34.2905
Mace Head,2020-12-28T08:30:00Z,34.3136
Mace Head,2020-12-28T09:00:00Z,34.1372
Mace Head,2020-12-28T09:30:00Z,34.1093
Mace Head,2020-12-28T10:00:00Z,33.9885
Mace Head,2020-12-28T10:30:00Z,33.7901
Mace Head,2020-12-28T11:00:00Z,33.8486
Mace Head,2020-12-28T11:30:00Z,33.9447
Mace Head,2020-12-28T12:00:00Z,34.0155
Mace Head,2020-12-28T12:30:00Z,34.098
Mace Head,2020-12-28T13:00:00Z,34.1983
Mace Head,2020-12-28T13:30:00Z,34.3135
Mace Head,2020-12-28T14:00:00Z,34.4262
Mace Head,2020-12-28T14:30:00Z,34.4682
Mace Head,2020-12-28T15:00:00Z,34.5569
Mace Head,2020-12-28T15:30:00Z,34.6335
Mace Head,2020-12-28T16:00:00Z,34.6723
Mace Head,2020-12-28T16:30:00Z,34.6866
Mace Head,2020-12-28T17:00:00Z,34.6979
Mace Head,2020-12-28T17:30:00Z,34.7021
Mace Head,2020-12-28T18:00:00Z,34.6763
Mace Head,2020-12-28T18:30:00Z,34.7075
Mace Head,2020-12-28T19:00:00Z,34.6067
Mace Head,2020-12-28T19:30:00Z,34.632
Mace Head,2020-12-28T20:00:00Z,34.5698
Mace Head,2020-12-28T20:30:00Z,34.413000000000004
Mace Head,2020-12-28T21:00:00Z,34.4385
Mace Head,2020-12-28T21:30:00Z,34.2756
Mace Head,2020-12-28T22:00:00Z,34.2269
Mace Head,2020-12-28T22:30:00Z,34.0709
Mace Head,2020-12-28T23:00:00Z,33.9273
Mace Head,2020-12-28T23:30:00Z,34.0262
Mace Head,2020-12-29T00:00:00Z,34.0496
Mace Head,2020-12-29T00:30:00Z,34.234
Mace Head,2020-12-29T01:00:00Z,34.4651
Mace Head,2020-12-29T01:30:00Z,34.4957
Mace Head,2020-12-29T02:00:00Z,34.6571
Mace Head,2020-12-29T02:30:00Z,34.7499
Mace Head,2020-12-29T03:00:00Z,34.7874
Mace Head,2020-12-29T03:30:00Z,34.8282
Mace Head,2020-12-29T04:00:00Z,34.8288
Mace Head,2020-12-29T04:30:00Z,34.837
Mace Head,2020-12-29T05:00:00Z,34.8318
Mace Head,2020-12-29T05:30:00Z,34.8397
Mace Head,2020-12-29T06:00:00Z,34.8473
Mace Head,2020-12-29T06:30:00Z,34.846
Mace Head,2020-12-29T07:00:00Z,34.8344
Mace Head,2020-12-29T07:30:00Z,34.7992
Mace Head,2020-12-29T08:00:00Z,34.81
Mace Head,2020-12-29T08:30:00Z,34.7084
Mace Head,2020-12-29T09:00:00Z,34.5589
Mace Head,2020-12-29T09:30:00Z,34.2932
Mace Head,2020-12-29T10:00:00Z,34.2845
Mace Head,2020-12-29T10:30:00Z,34.2062
Mace Head,2020-12-29T11:00:00Z,34.1511
Mace Head,2020-12-29T11:30:00Z,34.2306
Mace Head,2020-12-29T12:00:00Z,34.2135
Mace Head,2020-12-29T12:30:00Z,34.1961
Mace Head,2020-12-29T13:00:00Z,34.2036
Mace Head,2020-12-29T13:30:00Z,34.1713
Mace Head,2020-12-29T14:00:00Z,34.2589
Mace Head,2020-12-29T14:30:00Z,34.2521
Mace Head,2020-12-29T15:00:00Z,34.2799
Mace Head,2020-12-29T15:30:00Z,34.3151
Mace Head,2020-12-29T16:00:00Z,34.3453
Mace Head,2020-12-29T16:30:00Z,34.3861
Mace Head,2020-12-29T17:00:00Z,34.4691
Mace Head,2020-12-29T17:30:00Z,34.4548
Mace Head,2020-12-29T18:00:00Z,34.4466
Mace Head,2020-12-29T18:30:00Z,34.4399
Mace Head,2020-12-29T19:00:00Z,34.4234
Mace Head,2020-12-29T19:30:00Z,34.428000000000004
Mace Head,2020-12-29T20:00:00Z,34.44
Mace Head,2020-12-29T20:30:00Z,34.4268
Mace Head,2020-12-29T21:00:00Z,34.4353
Mace Head,2020-12-29T21:30:00Z,34.4375
Mace Head,2020-12-29T22:00:00Z,34.4391
Mace Head,2020-12-29T22:30:00Z,34.4538
Mace Head,2020-12-29T23:00:00Z,34.1451
Mace Head,2020-12-29T23:30:00Z,34.0334
Mace Head,2020-12-30T00:00:00Z,34.0714
Mace Head,2020-12-30T00:30:00Z,34.0437
Mace Head,2020-12-30T01:00:00Z,34.0695
Mace Head,2020-12-30T01:30:00Z,34.067
Mace Head,2020-12-30T02:00:00Z,34.106
Mace Head,2020-12-30T02:30:00Z,34.1869
Mace Head,2020-12-30T03:00:00Z,34.2774
Mace Head,2020-12-30T03:30:00Z,34.3748
Mace Head,2020-12-30T04:00:00Z,34.3003
Mace Head,2020-12-30T04:30:00Z,34.3149
Mace Head,2020-12-30T05:00:00Z,34.4278
Mace Head,2020-12-30T05:30:00Z,34.4548
Mace Head,2020-12-30T06:00:00Z,34.5265
Mace Head,2020-12-30T06:30:00Z,34.5864
Mace Head,2020-12-30T07:00:00Z,34.6118
Mace Head,2020-12-30T07:30:00Z,34.5687
Mace Head,2020-12-30T08:00:00Z,34.5189
Mace Head,2020-12-30T08:30:00Z,34.5233
Mace Head,2020-12-30T09:00:00Z,34.329
Mace Head,2020-12-30T09:30:00Z,34.3285
Mace Head,2020-12-30T10:00:00Z,34.357
Mace Head,2020-12-30T10:30:00Z,34.3338
Mace Head,2020-12-30T11:00:00Z,34.3558
Mace Head,2020-12-30T11:30:00Z,34.0327
Mace Head,2020-12-30T12:00:00Z,34.0127
Mace Head,2020-12-30T12:30:00Z,33.9148
Mace Head,2020-12-30T13:00:00Z,33.9978
Mace Head,2020-12-30T13:30:00Z,34.0676
Mace Head,2020-12-30T14:00:00Z,34.1098
Mace Head,2020-12-30T14:30:00Z,34.1175
Mace Head,2020-12-30T15:00:00Z,34.1586
Mace Head,2020-12-30T15:30:00Z,34.1745
Mace Head,2020-12-30T16:00:00Z,34.2171
Mace Head,2020-12-30T16:30:00Z,34.1985
Mace Head,2020-12-30T17:00:00Z,34.3317
Mace Head,2020-12-30T17:30:00Z,34.3538
Mace Head,2020-12-30T18:00:00Z,34.3647
Mace Head,2020-12-30T18:30:00Z,34.3507
Mace Head,2020-12-30T19:00:00Z,34.3754
Mace Head,2020-12-30T19:30:00Z,34.3754
Mace Head,2020-12-30T20:00:00Z,34.3652
Mace Head,2020-12-30T20:30:00Z,34.3608
Mace Head,2020-12-30T21:00:00Z,34.3566
Mace Head,2020-12-30T21:30:00Z,34.3674
Mace Head,2020-12-30T22:00:00Z,34.3569
Mace Head,2020-12-30T22:30:00Z,34.2794
Mace Head,2020-12-30T23:00:00Z,34.2426
Mace Head,2020-12-30T23:30:00Z,34.2452
Mace Head,2020-12-31T00:00:00Z,34.2453
Mace Head,2020-12-31T00:30:00Z,34.2194
Mace Head,2020-12-31T01:00:00Z,34.1202
Mace Head,2020-12-31T01:30:00Z,34.1034
Mace Head,2020-12-31T02:00:00Z,34.1261
Mace Head,2020-12-31T02:30:00Z,34.1051
Mace Head,2020-12-31T03:00:00Z,34.11
Mace Head,2020-12-31T03:30:00Z,34.1403
Mace Head,2020-12-31T04:00:00Z,34.3085
Mace Head,2020-12-31T04:30:00Z,34.3353
Mace Head,2020-12-31T05:00:00Z,34.3208
Mace Head,2020-12-31T05:30:00Z,34.2791
Mace Head,2020-12-31T06:00:00Z,34.2371
Mace Head,2020-12-31T06:30:00Z,34.2258
Mace Head,2020-12-31T07:00:00Z,34.2238
Mace Head,2020-12-31T07:30:00Z,34.2254
Mace Head,2020-12-31T08:00:00Z,34.2264
Mace Head,2020-12-31T08:30:00Z,34.2272
Mace Head,2020-12-31T09:00:00Z,34.2186
Mace Head,2020-12-31T09:30:00Z,34.2259
Mace Head,2020-12-31T10:00:00Z,34.2306
Mace Head,2020-12-31T10:30:00Z,34.2548
Mace Head,2020-12-31T11:00:00Z,34.2739
Mace Head,2020-12-31T11:30:00Z,34.2151
Mace Head,2020-12-31T12:00:00Z,34.2252
Mace Head,2020-12-31T12:30:00Z,34.0987
Mace Head,2020-12-31T13:00:00Z,34.0728
Mace Head,2020-12-31T13:30:00Z,34.0719
Mace Head,2020-12-31T14:00:00Z,34.0836
Mace Head,2020-12-31T14:30:00Z,34.0928
Mace Head,2020-12-31T15:00:00Z,34.093
Mace Head,2020-12-31T15:30:00Z,34.1066
Mace Head,2020-12-31T16:00:00Z,34.122
Mace Head,2020-12-31T16:30:00Z,34.1507
Mace Head,2020-12-31T17:00:00Z,34.1674
Mace Head,2020-12-31T17:30:00Z,34.178000000000004
Mace Head,2020-12-31T18:00:00Z,34.1918
Mace Head,2020-12-31T18:30:00Z,34.2017
Mace Head,2020-12-31T19:00:00Z,34.2295
Mace Head,2020-12-31T19:30:00Z,34.2232
Mace Head,2020-12-31T20:00:00Z,34.222
Mace Head,2020-12-31T20:30:00Z,34.22
Mace Head,2020-12-31T21:00:00Z,34.2231
Mace Head,2020-12-31T21:30:00Z,34.2216
Mace Head,2020-12-31T22:00:00Z,34.2252
Mace Head,2020-12-31T22:30:00Z,34.2283
Mace Head,2020-12-31T23:00:00Z,34.2302
Mace Head,2020-12-31T23:30:00Z,34.2338
